<TICKER>,<PER>,<DATE>,<TIME>,<OPEN>,<HIGH>,<LOW>,<CLOSE>,<VOL>
EURUSD,60,20190501,010000,1.1214200,1.1217100,1.1210000,1.1213900,15273
EURUSD,60,20190501,020000,1.1213900,1.1215900,1.1210000,1.1210900,16221
EURUSD,60,20190501,030000,1.1211100,1.1216000,1.1210000,1.1214000,13196
EURUSD,60,20190501,040000,1.1215600,1.1218300,1.1213000,1.1218100,14924
EURUSD,60,20190501,050000,1.1218100,1.1218700,1.1215000,1.1217100,13634
EURUSD,60,20190501,060000,1.1217100,1.1218000,1.1212000,1.1214300,13675
EURUSD,60,20190501,070000,1.1215200,1.1219800,1.1213000,1.1218300,14279
EURUSD,60,20190501,080000,1.1218300,1.1218900,1.1216000,1.1217300,9527
EURUSD,60,20190501,090000,1.1217300,1.1219000,1.1215000,1.1218700,12250
EURUSD,60,20190501,100000,1.1218700,1.1220400,1.1212000,1.1216300,25141
EURUSD,60,20190501,110000,1.1216300,1.1230000,1.1215000,1.1226700,36184
EURUSD,60,20190501,120000,1.1227200,1.1230000,1.1221000,1.1228100,30174
EURUSD,60,20190501,130000,1.1227800,1.1239700,1.1227000,1.1234400,39522
EURUSD,60,20190501,140000,1.1234400,1.1238900,1.1232000,1.1235700,30817
EURUSD,60,20190501,150000,1.1236400,1.1237400,1.1229000,1.1236700,32330
EURUSD,60,20190501,160000,1.1236800,1.1237300,1.1220000,1.1224400,63905
EURUSD,60,20190501,170000,1.1224400,1.1228900,1.1222000,1.1227200,50781
EURUSD,60,20190501,180000,1.1228700,1.1248000,1.1227600,1.1240200,80419
EURUSD,60,20190501,190000,1.1240100,1.1250000,1.1238000,1.1245100,50000
EURUSD,60,20190501,200000,1.1245100,1.1247000,1.1239000,1.1241900,40829
EURUSD,60,20190501,210000,1.1242000,1.1247700,1.1240000,1.1244600,37042
EURUSD,60,20190501,220000,1.1244600,1.1264900,1.1193000,1.1194100,165424
EURUSD,60,20190501,230000,1.1194000,1.1200200,1.1186000,1.1195000,102316
EURUSD,60,20190502,000000,1.1195000,1.1199700,1.1189000,1.1194900,27008
EURUSD,60,20190502,010000,1.1194200,1.1199500,1.1192000,1.1198900,17197
EURUSD,60,20190502,020000,1.1198900,1.1203500,1.1197900,1.1203200,17797
EURUSD,60,20190502,030000,1.1203200,1.1203300,1.1198000,1.1202400,13761
EURUSD,60,20190502,040000,1.1202100,1.1206300,1.1198000,1.1205800,20954
EURUSD,60,20190502,050000,1.1205800,1.1209300,1.1203000,1.1208500,22624
EURUSD,60,20190502,060000,1.1208500,1.1209000,1.1199000,1.1201400,26019
EURUSD,60,20190502,070000,1.1201400,1.1208300,1.1200000,1.1206000,29443
EURUSD,60,20190502,080000,1.1206000,1.1209200,1.1204000,1.1207500,25101
EURUSD,60,20190502,090000,1.1207500,1.1208500,1.1202000,1.1204300,24170
EURUSD,60,20190502,100000,1.1204600,1.1207600,1.1190000,1.1193000,52059
EURUSD,60,20190502,110000,1.1193000,1.1219100,1.1190000,1.1213200,72614
EURUSD,60,20190502,120000,1.1213300,1.1216000,1.1204000,1.1208300,55646
EURUSD,60,20190502,130000,1.1208200,1.1213200,1.1199000,1.1201900,45601
EURUSD,60,20190502,140000,1.1201900,1.1202700,1.1195000,1.1201600,46361
EURUSD,60,20190502,150000,1.1201600,1.1209400,1.1197000,1.1204200,67764
EURUSD,60,20190502,160000,1.1204200,1.1212000,1.1194000,1.1196300,72731
EURUSD,60,20190502,170000,1.1195600,1.1202100,1.1174000,1.1184800,78152
EURUSD,60,20190502,180000,1.1185300,1.1188000,1.1175000,1.1181900,78151
EURUSD,60,20190502,190000,1.1181800,1.1184800,1.1170000,1.1184400,85346
EURUSD,60,20190502,200000,1.1184500,1.1184500,1.1173000,1.1178000,60477
EURUSD,60,20190502,210000,1.1177200,1.1179900,1.1171000,1.1178300,45175
EURUSD,60,20190502,220000,1.1177900,1.1181200,1.1171000,1.1174700,41130
EURUSD,60,20190502,230000,1.1174000,1.1177900,1.1171000,1.1172400,37286
EURUSD,60,20190503,000000,1.1172400,1.1174100,1.1169000,1.1171300,17133
EURUSD,60,20190503,010000,1.1170900,1.1175000,1.1167900,1.1171700,8325
EURUSD,60,20190503,020000,1.1172200,1.1175600,1.1171000,1.1174500,14715
EURUSD,60,20190503,030000,1.1173900,1.1175700,1.1171000,1.1172800,13780
EURUSD,60,20190503,040000,1.1172800,1.1177600,1.1169000,1.1177400,18513
EURUSD,60,20190503,050000,1.1177400,1.1177400,1.1169000,1.1174800,24617
EURUSD,60,20190503,060000,1.1174800,1.1177500,1.1172000,1.1174300,24934
EURUSD,60,20190503,070000,1.1174300,1.1176000,1.1171000,1.1173300,20588
EURUSD,60,20190503,080000,1.1173300,1.1175000,1.1165000,1.1168400,21803
EURUSD,60,20190503,090000,1.1168400,1.1173400,1.1167000,1.1171300,23996
EURUSD,60,20190503,100000,1.1171300,1.1171800,1.1159000,1.1161600,48860
EURUSD,60,20190503,110000,1.1161600,1.1169300,1.1157000,1.1167900,68086
EURUSD,60,20190503,120000,1.1167900,1.1168100,1.1159000,1.1164900,50681
EURUSD,60,20190503,130000,1.1164400,1.1166200,1.1152000,1.1154100,48909
EURUSD,60,20190503,140000,1.1154100,1.1160000,1.1150000,1.1151900,44239
EURUSD,60,20190503,150000,1.1152500,1.1153300,1.1143000,1.1152200,45956
EURUSD,60,20190503,160000,1.1152200,1.1164600,1.1134000,1.1159900,97551
EURUSD,60,20190503,170000,1.1159900,1.1170900,1.1153000,1.1165800,89829
EURUSD,60,20190503,180000,1.1165800,1.1194700,1.1165000,1.1186200,101807
EURUSD,60,20190503,190000,1.1186800,1.1199900,1.1182000,1.1188000,94856
EURUSD,60,20190503,200000,1.1187900,1.1200800,1.1183000,1.1195600,58190
EURUSD,60,20190503,210000,1.1195600,1.1197600,1.1191000,1.1192500,43194
EURUSD,60,20190503,220000,1.1192500,1.1200300,1.1188000,1.1192900,43614
EURUSD,60,20190503,230000,1.1193600,1.1202200,1.1190000,1.1199400,42573
EURUSD,60,20190504,000000,1.1199400,1.1205000,1.1197000,1.1201100,20333
EURUSD,60,20190504,010000,1.1193300,1.1193300,1.1193300,1.1193300,1
EURUSD,60,20190505,230000,1.1165000,1.1174500,1.1157000,1.1162200,223
EURUSD,60,20190506,000000,1.1160000,1.1186100,1.1160000,1.1172000,192
EURUSD,60,20190506,010000,1.1177900,1.1188000,1.1167000,1.1179100,10260
EURUSD,60,20190506,020000,1.1179800,1.1200400,1.1178400,1.1193900,36230
EURUSD,60,20190506,030000,1.1193900,1.1199000,1.1180000,1.1184500,29665
EURUSD,60,20190506,040000,1.1184500,1.1188000,1.1179000,1.1185100,43199
EURUSD,60,20190506,050000,1.1184000,1.1194600,1.1182000,1.1191800,44641
EURUSD,60,20190506,060000,1.1191800,1.1192000,1.1183000,1.1189000,34963
EURUSD,60,20190506,070000,1.1189300,1.1193800,1.1186000,1.1193200,33640
EURUSD,60,20190506,080000,1.1193600,1.1195800,1.1189000,1.1190900,26119
EURUSD,60,20190506,090000,1.1190900,1.1193100,1.1185000,1.1191300,31728
EURUSD,60,20190506,100000,1.1191300,1.1195000,1.1186000,1.1189300,43375
EURUSD,60,20190506,110000,1.1189400,1.1193800,1.1182000,1.1187400,65037
EURUSD,60,20190506,120000,1.1187400,1.1192600,1.1181000,1.1183900,42828
EURUSD,60,20190506,130000,1.1183500,1.1195300,1.1182000,1.1192900,45899
EURUSD,60,20190506,140000,1.1193500,1.1198600,1.1187000,1.1197700,48569
EURUSD,60,20190506,150000,1.1197600,1.1203600,1.1194000,1.1198200,47575
EURUSD,60,20190506,160000,1.1198300,1.1203400,1.1177000,1.1183500,61444
EURUSD,60,20190506,170000,1.1183500,1.1193400,1.1179000,1.1191400,59466
EURUSD,60,20190506,180000,1.1191300,1.1196800,1.1183000,1.1195600,61999
EURUSD,60,20190506,190000,1.1196500,1.1198200,1.1188000,1.1196600,59227
EURUSD,60,20190506,200000,1.1195800,1.1206900,1.1194000,1.1202800,47870
EURUSD,60,20190506,210000,1.1202800,1.1209300,1.1201000,1.1203900,42751
EURUSD,60,20190506,220000,1.1203900,1.1206500,1.1199000,1.1203300,39488
EURUSD,60,20190506,230000,1.1203400,1.1206000,1.1200000,1.1201000,35067
EURUSD,60,20190507,000000,1.1201300,1.1203000,1.1195000,1.1197600,20885
EURUSD,60,20190507,010000,1.1198900,1.1200000,1.1189000,1.1194400,23401
EURUSD,60,20190507,020000,1.1194300,1.1199500,1.1193000,1.1198000,13431
EURUSD,60,20190507,030000,1.1198300,1.1202000,1.1197000,1.1201000,16519
EURUSD,60,20190507,040000,1.1201000,1.1203500,1.1196000,1.1199800,29048
EURUSD,60,20190507,050000,1.1199800,1.1205000,1.1196000,1.1204500,31939
EURUSD,60,20190507,060000,1.1204500,1.1205500,1.1200000,1.1205000,27493
EURUSD,60,20190507,070000,1.1205000,1.1207800,1.1202000,1.1207200,28254
EURUSD,60,20190507,080000,1.1207200,1.1214300,1.1204000,1.1213500,42878
EURUSD,60,20190507,090000,1.1213500,1.1216100,1.1207000,1.1213500,33846
EURUSD,60,20190507,100000,1.1214100,1.1217900,1.1204000,1.1208000,67268
EURUSD,60,20190507,110000,1.1209000,1.1216400,1.1192000,1.1195500,76472
EURUSD,60,20190507,120000,1.1194900,1.1201500,1.1191000,1.1196300,56069
EURUSD,60,20190507,130000,1.1196300,1.1204400,1.1192000,1.1203200,48831
EURUSD,60,20190507,140000,1.1203800,1.1206300,1.1195000,1.1197200,46698
EURUSD,60,20190507,150000,1.1197400,1.1199000,1.1176000,1.1182900,55564
EURUSD,60,20190507,160000,1.1182900,1.1191400,1.1181000,1.1183400,55378
EURUSD,60,20190507,170000,1.1183400,1.1187200,1.1173000,1.1185800,67901
EURUSD,60,20190507,180000,1.1185800,1.1193100,1.1180000,1.1187800,67979
EURUSD,60,20190507,190000,1.1187700,1.1191300,1.1176000,1.1177700,66246
EURUSD,60,20190507,200000,1.1177700,1.1179000,1.1165000,1.1174900,57059
EURUSD,60,20190507,210000,1.1175000,1.1179700,1.1169000,1.1178300,55817
EURUSD,60,20190507,220000,1.1178400,1.1193300,1.1170000,1.1181600,51367
EURUSD,60,20190507,230000,1.1182200,1.1192200,1.1179000,1.1186600,49703
EURUSD,60,20190508,000000,1.1186500,1.1193600,1.1184000,1.1189000,21184
EURUSD,60,20190508,010000,1.1190000,1.1196000,1.1187200,1.1193400,17410
EURUSD,60,20190508,020000,1.1193600,1.1194000,1.1191000,1.1192700,15917
EURUSD,60,20190508,030000,1.1192700,1.1193100,1.1187000,1.1189500,15719
EURUSD,60,20190508,040000,1.1189700,1.1192700,1.1187000,1.1192400,25586
EURUSD,60,20190508,050000,1.1191000,1.1200400,1.1191000,1.1198100,30587
EURUSD,60,20190508,060000,1.1198400,1.1204000,1.1193000,1.1200300,41332
EURUSD,60,20190508,070000,1.1200400,1.1206000,1.1197000,1.1203700,34614
EURUSD,60,20190508,080000,1.1203700,1.1206700,1.1202000,1.1205100,27967
EURUSD,60,20190508,090000,1.1205100,1.1206500,1.1200000,1.1204200,27248
EURUSD,60,20190508,100000,1.1204100,1.1212900,1.1203000,1.1207000,59804
EURUSD,60,20190508,110000,1.1207000,1.1210200,1.1195000,1.1204900,68771
EURUSD,60,20190508,120000,1.1204300,1.1211200,1.1195000,1.1197900,65681
EURUSD,60,20190508,130000,1.1198000,1.1206100,1.1192000,1.1202800,58581
EURUSD,60,20190508,140000,1.1202800,1.1204800,1.1190000,1.1203600,70323
EURUSD,60,20190508,150000,1.1203500,1.1207600,1.1197000,1.1202800,66159
EURUSD,60,20190508,160000,1.1202700,1.1204400,1.1188000,1.1197700,82194
EURUSD,60,20190508,170000,1.1197800,1.1205300,1.1195000,1.1199000,81847
EURUSD,60,20190508,180000,1.1199000,1.1206600,1.1192000,1.1202700,79566
EURUSD,60,20190508,190000,1.1203400,1.1213800,1.1198000,1.1205500,82532
EURUSD,60,20190508,200000,1.1205600,1.1209700,1.1182000,1.1188500,59585
EURUSD,60,20190508,210000,1.1188300,1.1191700,1.1181000,1.1189900,42847
EURUSD,60,20190508,220000,1.1190000,1.1194200,1.1184000,1.1191500,31802
EURUSD,60,20190508,230000,1.1191500,1.1195300,1.1189000,1.1193300,34435
EURUSD,60,20190509,000000,1.1193500,1.1193700,1.1188000,1.1191600,21876
EURUSD,60,20190509,010000,1.1191500,1.1194700,1.1188400,1.1194000,24107
EURUSD,60,20190509,020000,1.1194100,1.1198100,1.1192000,1.1196600,19716
EURUSD,60,20190509,030000,1.1197300,1.1198600,1.1194000,1.1197700,21319
EURUSD,60,20190509,040000,1.1197900,1.1198100,1.1189000,1.1191400,47331
EURUSD,60,20190509,050000,1.1190700,1.1195700,1.1187000,1.1190600,37481
EURUSD,60,20190509,060000,1.1190600,1.1191400,1.1184000,1.1189500,38736
EURUSD,60,20190509,070000,1.1189400,1.1192600,1.1186000,1.1190900,29554
EURUSD,60,20190509,080000,1.1190100,1.1195100,1.1188000,1.1194600,26864
EURUSD,60,20190509,090000,1.1194800,1.1197800,1.1191000,1.1196500,33463
EURUSD,60,20190509,100000,1.1196600,1.1203100,1.1193000,1.1197700,51170
EURUSD,60,20190509,110000,1.1197700,1.1203300,1.1182000,1.1186800,79539
EURUSD,60,20190509,120000,1.1186500,1.1189600,1.1172000,1.1188700,83246
EURUSD,60,20190509,130000,1.1188600,1.1197700,1.1184000,1.1196200,60091
EURUSD,60,20190509,140000,1.1196200,1.1196500,1.1184000,1.1191100,56937
EURUSD,60,20190509,150000,1.1191000,1.1192400,1.1183000,1.1189600,51387
EURUSD,60,20190509,160000,1.1189700,1.1200600,1.1186000,1.1196700,65982
EURUSD,60,20190509,170000,1.1196800,1.1242500,1.1190000,1.1234900,88608
EURUSD,60,20190509,180000,1.1235200,1.1251000,1.1222000,1.1229900,113110
EURUSD,60,20190509,190000,1.1230000,1.1235500,1.1224000,1.1227700,74545
EURUSD,60,20190509,200000,1.1227700,1.1231500,1.1211000,1.1215400,74118
EURUSD,60,20190509,210000,1.1215300,1.1226400,1.1212000,1.1224400,65496
EURUSD,60,20190509,220000,1.1225200,1.1228500,1.1219000,1.1224300,53390
EURUSD,60,20190509,230000,1.1224400,1.1226200,1.1216000,1.1219000,39722
EURUSD,60,20190510,000000,1.1219000,1.1221300,1.1208000,1.1213800,23655
EURUSD,60,20190510,010000,1.1213200,1.1219700,1.1211500,1.1218000,24381
EURUSD,60,20190510,020000,1.1218000,1.1220400,1.1216000,1.1218800,19364
EURUSD,60,20190510,030000,1.1218700,1.1220600,1.1216000,1.1218300,22292
EURUSD,60,20190510,040000,1.1218300,1.1230300,1.1216000,1.1229300,56041
EURUSD,60,20190510,050000,1.1229300,1.1234800,1.1227000,1.1232400,39527
EURUSD,60,20190510,060000,1.1232500,1.1232900,1.1225000,1.1227600,30101
EURUSD,60,20190510,070000,1.1227600,1.1232500,1.1224000,1.1229600,41829
EURUSD,60,20190510,080000,1.1229600,1.1232000,1.1224000,1.1225700,31976
EURUSD,60,20190510,090000,1.1225700,1.1229300,1.1222000,1.1227000,28882
EURUSD,60,20190510,100000,1.1227300,1.1229300,1.1216000,1.1227600,47945
EURUSD,60,20190510,110000,1.1226900,1.1233200,1.1224000,1.1225700,59690
EURUSD,60,20190510,120000,1.1225800,1.1232400,1.1218000,1.1230900,61353
EURUSD,60,20190510,130000,1.1230900,1.1238400,1.1229000,1.1232200,49342
EURUSD,60,20190510,140000,1.1232200,1.1234000,1.1222000,1.1233700,50964
EURUSD,60,20190510,150000,1.1233600,1.1236800,1.1223000,1.1228800,56526
EURUSD,60,20190510,160000,1.1229500,1.1246900,1.1225600,1.1242000,85191
EURUSD,60,20190510,170000,1.1242100,1.1249400,1.1235000,1.1245100,76002
EURUSD,60,20190510,180000,1.1245000,1.1253600,1.1237000,1.1242600,76760
EURUSD,60,20190510,190000,1.1243500,1.1247100,1.1238000,1.1240900,73137
EURUSD,60,20190510,200000,1.1241000,1.1241400,1.1232000,1.1236700,55799
EURUSD,60,20190510,210000,1.1236600,1.1236600,1.1226000,1.1234800,57407
EURUSD,60,20190510,220000,1.1234800,1.1235500,1.1228000,1.1231300,39965
EURUSD,60,20190510,230000,1.1231300,1.1235400,1.1228000,1.1232000,46907
EURUSD,60,20190511,000000,1.1231900,1.1239500,1.1228000,1.1232900,23105
EURUSD,60,20190511,010000,1.1237900,1.1237900,1.1237900,1.1237900,1
EURUSD,60,20190512,230000,1.1234300,1.1234300,1.1229000,1.1233900,62
EURUSD,60,20190513,000000,1.1232900,1.1234800,1.1229000,1.1234300,62
EURUSD,60,20190513,010000,1.1232000,1.1240800,1.1230000,1.1235400,9427
EURUSD,60,20190513,020000,1.1235500,1.1238700,1.1232900,1.1235200,18253
EURUSD,60,20190513,030000,1.1235200,1.1239000,1.1233000,1.1235600,18381
EURUSD,60,20190513,040000,1.1235700,1.1237600,1.1229000,1.1231500,23162
EURUSD,60,20190513,050000,1.1231600,1.1235200,1.1230000,1.1234200,19082
EURUSD,60,20190513,060000,1.1234200,1.1234800,1.1227000,1.1232200,25531
EURUSD,60,20190513,070000,1.1232200,1.1234100,1.1228000,1.1229600,17323
EURUSD,60,20190513,080000,1.1229600,1.1230600,1.1226000,1.1229600,15951
EURUSD,60,20190513,090000,1.1229600,1.1230500,1.1225000,1.1229900,18533
EURUSD,60,20190513,100000,1.1229900,1.1236600,1.1228000,1.1230500,39773
EURUSD,60,20190513,110000,1.1229600,1.1236300,1.1221000,1.1229600,62682
EURUSD,60,20190513,120000,1.1229600,1.1236100,1.1225000,1.1229600,59035
EURUSD,60,20190513,130000,1.1229600,1.1241500,1.1227000,1.1238200,47282
EURUSD,60,20190513,140000,1.1238600,1.1239700,1.1232000,1.1234700,43320
EURUSD,60,20190513,150000,1.1234700,1.1237600,1.1227000,1.1231500,45534
EURUSD,60,20190513,160000,1.1231600,1.1262500,1.1230000,1.1257300,98839
EURUSD,60,20190513,170000,1.1257300,1.1263600,1.1248200,1.1254700,95971
EURUSD,60,20190513,180000,1.1254700,1.1258800,1.1240000,1.1242400,83149
EURUSD,60,20190513,190000,1.1243000,1.1244500,1.1226000,1.1231900,70403
EURUSD,60,20190513,200000,1.1231900,1.1238300,1.1228000,1.1235200,47267
EURUSD,60,20190513,210000,1.1235200,1.1238300,1.1229000,1.1232500,44742
EURUSD,60,20190513,220000,1.1232400,1.1235200,1.1227000,1.1230600,50233
EURUSD,60,20190513,230000,1.1231500,1.1235000,1.1228000,1.1230500,39521
EURUSD,60,20190514,000000,1.1230600,1.1230800,1.1220000,1.1220800,17811
EURUSD,60,20190514,010000,1.1221500,1.1227800,1.1217000,1.1225600,17804
EURUSD,60,20190514,020000,1.1225200,1.1232000,1.1222000,1.1230800,22745
EURUSD,60,20190514,030000,1.1230900,1.1233000,1.1227000,1.1231900,18788
EURUSD,60,20190514,040000,1.1232000,1.1236700,1.1229000,1.1236000,33781
EURUSD,60,20190514,050000,1.1236200,1.1236700,1.1229000,1.1232500,37186
EURUSD,60,20190514,060000,1.1232500,1.1235600,1.1229000,1.1232600,29569
EURUSD,60,20190514,070000,1.1232500,1.1240800,1.1231000,1.1239300,30770
EURUSD,60,20190514,080000,1.1239300,1.1241000,1.1235000,1.1239500,23359
EURUSD,60,20190514,090000,1.1239600,1.1241200,1.1236000,1.1237600,24980
EURUSD,60,20190514,100000,1.1237500,1.1241600,1.1230000,1.1232900,45709
EURUSD,60,20190514,110000,1.1233000,1.1242300,1.1228000,1.1238200,60690
EURUSD,60,20190514,120000,1.1238300,1.1244000,1.1235000,1.1242300,48376
EURUSD,60,20190514,130000,1.1242300,1.1243200,1.1233000,1.1236600,46067
EURUSD,60,20190514,140000,1.1236600,1.1237500,1.1224000,1.1229200,47603
EURUSD,60,20190514,150000,1.1229200,1.1238600,1.1227000,1.1230400,46787
EURUSD,60,20190514,160000,1.1230500,1.1233000,1.1202000,1.1214000,82920
EURUSD,60,20190514,170000,1.1213700,1.1219800,1.1206000,1.1211300,70667
EURUSD,60,20190514,180000,1.1211400,1.1214700,1.1203000,1.1211400,68394
EURUSD,60,20190514,190000,1.1211300,1.1213700,1.1202000,1.1206100,60770
EURUSD,60,20190514,200000,1.1207500,1.1215000,1.1204000,1.1209700,40477
EURUSD,60,20190514,210000,1.1209700,1.1214300,1.1206000,1.1211400,34561
EURUSD,60,20190514,220000,1.1211400,1.1217000,1.1205000,1.1206400,35009
EURUSD,60,20190514,230000,1.1206400,1.1210000,1.1204000,1.1207500,28083
EURUSD,60,20190515,000000,1.1207500,1.1208600,1.1200000,1.1202500,17926
EURUSD,60,20190515,010000,1.1203200,1.1210000,1.1202000,1.1206800,20202
EURUSD,60,20190515,020000,1.1207100,1.1208400,1.1204000,1.1206900,12689
EURUSD,60,20190515,030000,1.1207200,1.1208000,1.1202000,1.1203100,14941
EURUSD,60,20190515,040000,1.1202400,1.1204100,1.1199000,1.1203400,23910
EURUSD,60,20190515,050000,1.1203400,1.1208200,1.1201000,1.1206900,24418
EURUSD,60,20190515,060000,1.1207000,1.1207000,1.1202000,1.1206700,26164
EURUSD,60,20190515,070000,1.1206700,1.1209000,1.1204000,1.1208300,17868
EURUSD,60,20190515,080000,1.1208300,1.1209700,1.1203000,1.1209700,16708
EURUSD,60,20190515,090000,1.1209600,1.1213600,1.1206000,1.1211000,18934
EURUSD,60,20190515,100000,1.1211800,1.1212000,1.1203000,1.1207000,37135
EURUSD,60,20190515,110000,1.1207000,1.1213700,1.1197000,1.1212800,70233
EURUSD,60,20190515,120000,1.1212900,1.1216900,1.1210000,1.1213800,48873
EURUSD,60,20190515,130000,1.1214100,1.1214400,1.1197000,1.1199600,55694
EURUSD,60,20190515,140000,1.1199600,1.1204600,1.1193000,1.1195600,53571
EURUSD,60,20190515,150000,1.1195800,1.1196300,1.1176000,1.1180700,59037
EURUSD,60,20190515,160000,1.1181000,1.1192500,1.1177000,1.1183600,79453
EURUSD,60,20190515,170000,1.1183600,1.1191400,1.1178000,1.1185800,79184
EURUSD,60,20190515,180000,1.1185800,1.1224700,1.1181000,1.1208100,109917
EURUSD,60,20190515,190000,1.1208300,1.1209400,1.1198000,1.1206000,70541
EURUSD,60,20190515,200000,1.1207400,1.1211400,1.1200000,1.1206200,49322
EURUSD,60,20190515,210000,1.1206200,1.1208300,1.1201000,1.1207400,34272
EURUSD,60,20190515,220000,1.1207400,1.1207600,1.1200000,1.1203400,34552
EURUSD,60,20190515,230000,1.1203500,1.1204000,1.1196000,1.1202700,29610
EURUSD,60,20190516,000000,1.1202800,1.1203700,1.1198000,1.1200800,17862
EURUSD,60,20190516,010000,1.1199700,1.1208000,1.1199500,1.1204000,14463
EURUSD,60,20190516,020000,1.1204400,1.1209400,1.1202000,1.1206000,17468
EURUSD,60,20190516,030000,1.1206200,1.1208700,1.1202000,1.1206700,17518
EURUSD,60,20190516,040000,1.1206800,1.1208900,1.1203000,1.1206400,25439
EURUSD,60,20190516,050000,1.1206400,1.1209900,1.1201000,1.1208200,43250
EURUSD,60,20190516,060000,1.1208100,1.1209800,1.1204000,1.1207900,29865
EURUSD,60,20190516,070000,1.1207800,1.1209200,1.1205000,1.1208400,23872
EURUSD,60,20190516,080000,1.1208400,1.1210000,1.1206000,1.1208900,20291
EURUSD,60,20190516,090000,1.1209600,1.1210500,1.1206000,1.1208000,23275
EURUSD,60,20190516,100000,1.1209500,1.1211000,1.1203000,1.1207100,35480
EURUSD,60,20190516,110000,1.1207200,1.1212400,1.1202000,1.1208700,53841
EURUSD,60,20190516,120000,1.1208800,1.1221100,1.1205000,1.1220500,50118
EURUSD,60,20190516,130000,1.1220500,1.1224000,1.1206000,1.1211100,48727
EURUSD,60,20190516,140000,1.1211400,1.1212300,1.1204000,1.1205700,43234
EURUSD,60,20190516,150000,1.1205700,1.1209700,1.1196000,1.1204400,50230
EURUSD,60,20190516,160000,1.1204300,1.1206400,1.1185000,1.1187500,74011
EURUSD,60,20190516,170000,1.1187700,1.1192700,1.1182000,1.1186100,69071
EURUSD,60,20190516,180000,1.1186100,1.1187400,1.1171000,1.1177800,78914
EURUSD,60,20190516,190000,1.1177900,1.1180500,1.1171000,1.1177700,55300
EURUSD,60,20190516,200000,1.1177700,1.1182000,1.1174000,1.1177200,42948
EURUSD,60,20190516,210000,1.1177200,1.1180000,1.1173000,1.1179000,35971
EURUSD,60,20190516,220000,1.1179000,1.1179900,1.1169000,1.1170100,35558
EURUSD,60,20190516,230000,1.1170100,1.1177300,1.1164000,1.1176800,38342
EURUSD,60,20190517,000000,1.1176800,1.1177100,1.1170000,1.1173500,15361
EURUSD,60,20190517,010000,1.1173400,1.1181000,1.1170000,1.1172400,16655
EURUSD,60,20190517,020000,1.1173600,1.1175900,1.1170000,1.1173700,19693
EURUSD,60,20190517,030000,1.1173600,1.1175100,1.1171000,1.1173100,13588
EURUSD,60,20190517,040000,1.1173000,1.1176100,1.1169000,1.1174000,29560
EURUSD,60,20190517,050000,1.1174900,1.1179200,1.1173000,1.1178800,29699
EURUSD,60,20190517,060000,1.1178800,1.1179300,1.1174000,1.1177500,29467
EURUSD,60,20190517,070000,1.1177500,1.1179600,1.1174000,1.1177200,32048
EURUSD,60,20190517,080000,1.1177400,1.1179400,1.1174000,1.1179300,25493
EURUSD,60,20190517,090000,1.1179300,1.1180100,1.1169000,1.1173000,29529
EURUSD,60,20190517,100000,1.1173200,1.1183100,1.1170000,1.1180400,49532
EURUSD,60,20190517,110000,1.1180400,1.1184300,1.1173000,1.1176800,60137
EURUSD,60,20190517,120000,1.1176800,1.1178600,1.1168000,1.1173600,51264
EURUSD,60,20190517,130000,1.1174000,1.1176700,1.1157000,1.1163400,63552
EURUSD,60,20190517,140000,1.1163200,1.1172300,1.1161000,1.1167500,55273
EURUSD,60,20190517,150000,1.1167500,1.1168800,1.1157000,1.1166400,57291
EURUSD,60,20190517,160000,1.1166700,1.1179100,1.1165000,1.1176200,71496
EURUSD,60,20190517,170000,1.1176200,1.1177500,1.1170000,1.1174800,65444
EURUSD,60,20190517,180000,1.1174600,1.1175000,1.1154000,1.1159900,82590
EURUSD,60,20190517,190000,1.1159800,1.1166500,1.1156000,1.1164800,59751
EURUSD,60,20190517,200000,1.1164800,1.1169300,1.1162000,1.1163000,39512
EURUSD,60,20190517,210000,1.1164300,1.1167000,1.1160000,1.1164700,42305
EURUSD,60,20190517,220000,1.1164300,1.1164700,1.1158000,1.1159100,29553
EURUSD,60,20190517,230000,1.1158000,1.1166800,1.1157000,1.1160300,54783
EURUSD,60,20190518,000000,1.1160300,1.1161000,1.1154000,1.1155800,20638
EURUSD,60,20190518,010000,1.1158100,1.1158100,1.1158100,1.1158100,1
EURUSD,60,20190519,230000,1.1161000,1.1161800,1.1150000,1.1155000,164
EURUSD,60,20190520,000000,1.1155700,1.1161000,1.1152000,1.1159600,162
EURUSD,60,20190520,010000,1.1159500,1.1167500,1.1158000,1.1160400,6324
EURUSD,60,20190520,020000,1.1160800,1.1166600,1.1159000,1.1162100,12332
EURUSD,60,20190520,030000,1.1163000,1.1165100,1.1160000,1.1164600,19137
EURUSD,60,20190520,040000,1.1164800,1.1165400,1.1156000,1.1163800,32764
EURUSD,60,20190520,050000,1.1163800,1.1167700,1.1158000,1.1161200,37513
EURUSD,60,20190520,060000,1.1162200,1.1162500,1.1154000,1.1158600,31997
EURUSD,60,20190520,070000,1.1158600,1.1158900,1.1151000,1.1153800,28429
EURUSD,60,20190520,080000,1.1153800,1.1155700,1.1151000,1.1153800,21939
EURUSD,60,20190520,090000,1.1153800,1.1154000,1.1148000,1.1152900,23054
EURUSD,60,20190520,100000,1.1152900,1.1156300,1.1149000,1.1154600,42062
EURUSD,60,20190520,110000,1.1154600,1.1163400,1.1153000,1.1163000,52478
EURUSD,60,20190520,120000,1.1163000,1.1166300,1.1152000,1.1154000,55753
EURUSD,60,20190520,130000,1.1155100,1.1165300,1.1153000,1.1157500,45653
EURUSD,60,20190520,140000,1.1157600,1.1160100,1.1152000,1.1153400,46811
EURUSD,60,20190520,150000,1.1155300,1.1163000,1.1152000,1.1160000,39190
EURUSD,60,20190520,160000,1.1160000,1.1167400,1.1158000,1.1162000,59346
EURUSD,60,20190520,170000,1.1163700,1.1169100,1.1155000,1.1165600,65479
EURUSD,60,20190520,180000,1.1165600,1.1168700,1.1160000,1.1165000,58519
EURUSD,60,20190520,190000,1.1165200,1.1175000,1.1163000,1.1169500,55747
EURUSD,60,20190520,200000,1.1169500,1.1170200,1.1163000,1.1168100,38255
EURUSD,60,20190520,210000,1.1168100,1.1170400,1.1164000,1.1167000,30838
EURUSD,60,20190520,220000,1.1167000,1.1169300,1.1163000,1.1166400,20347
EURUSD,60,20190520,230000,1.1167200,1.1168400,1.1164000,1.1165000,21437
EURUSD,60,20190521,000000,1.1165000,1.1166700,1.1162000,1.1165900,12609
EURUSD,60,20190521,010000,1.1166000,1.1172000,1.1163000,1.1166500,23118
EURUSD,60,20190521,020000,1.1165600,1.1169900,1.1165600,1.1167900,9457
EURUSD,60,20190521,030000,1.1168300,1.1172200,1.1166000,1.1167000,19440
EURUSD,60,20190521,040000,1.1167200,1.1168000,1.1163000,1.1164700,23836
EURUSD,60,20190521,050000,1.1164800,1.1166600,1.1161000,1.1166500,30622
EURUSD,60,20190521,060000,1.1166500,1.1167100,1.1161000,1.1164700,22905
EURUSD,60,20190521,070000,1.1164400,1.1166600,1.1160000,1.1163100,31329
EURUSD,60,20190521,080000,1.1163100,1.1163400,1.1158000,1.1160000,18891
EURUSD,60,20190521,090000,1.1160100,1.1160100,1.1150000,1.1152400,27999
EURUSD,60,20190521,100000,1.1152400,1.1154300,1.1142000,1.1149000,46020
EURUSD,60,20190521,110000,1.1149100,1.1158000,1.1145000,1.1155600,55090
EURUSD,60,20190521,120000,1.1155300,1.1156000,1.1140000,1.1147200,47011
EURUSD,60,20190521,130000,1.1147100,1.1158600,1.1145000,1.1150600,46465
EURUSD,60,20190521,140000,1.1150600,1.1155800,1.1142000,1.1145700,52777
EURUSD,60,20190521,150000,1.1145600,1.1148600,1.1142000,1.1146100,47297
EURUSD,60,20190521,160000,1.1146100,1.1161300,1.1145000,1.1157500,67253
EURUSD,60,20190521,170000,1.1157600,1.1158700,1.1147000,1.1150200,59091
EURUSD,60,20190521,180000,1.1150300,1.1188000,1.1147000,1.1179800,93316
EURUSD,60,20190521,190000,1.1180000,1.1184100,1.1156000,1.1158100,90966
EURUSD,60,20190521,200000,1.1158100,1.1163000,1.1156000,1.1160000,36289
EURUSD,60,20190521,210000,1.1160000,1.1162900,1.1157000,1.1159500,28738
EURUSD,60,20190521,220000,1.1160000,1.1160400,1.1152000,1.1157600,33423
EURUSD,60,20190521,230000,1.1157600,1.1162000,1.1156000,1.1161200,25094
EURUSD,60,20190522,000000,1.1160600,1.1165500,1.1157600,1.1158800,18023
EURUSD,60,20190522,010000,1.1158600,1.1166000,1.1155500,1.1162000,26238
EURUSD,60,20190522,020000,1.1162400,1.1165000,1.1161000,1.1163300,15085
EURUSD,60,20190522,030000,1.1163600,1.1165700,1.1161000,1.1164300,15473
EURUSD,60,20190522,040000,1.1164300,1.1166100,1.1159000,1.1161000,26287
EURUSD,60,20190522,050000,1.1160800,1.1165400,1.1160000,1.1164600,26464
EURUSD,60,20190522,060000,1.1164600,1.1165700,1.1158000,1.1160200,24771
EURUSD,60,20190522,070000,1.1160200,1.1163100,1.1158000,1.1161700,22433
EURUSD,60,20190522,080000,1.1161700,1.1162000,1.1152000,1.1155300,23650
EURUSD,60,20190522,090000,1.1155400,1.1156800,1.1150000,1.1152300,24262
EURUSD,60,20190522,100000,1.1152300,1.1158400,1.1149000,1.1152400,43571
EURUSD,60,20190522,110000,1.1152900,1.1155900,1.1147000,1.1152300,51162
EURUSD,60,20190522,120000,1.1151300,1.1163800,1.1148000,1.1159400,51484
EURUSD,60,20190522,130000,1.1159400,1.1172700,1.1157000,1.1167700,46767
EURUSD,60,20190522,140000,1.1167800,1.1173900,1.1165000,1.1168800,37952
EURUSD,60,20190522,150000,1.1168800,1.1170400,1.1163000,1.1166200,42609
EURUSD,60,20190522,160000,1.1166400,1.1180300,1.1163000,1.1166800,58801
EURUSD,60,20190522,170000,1.1166800,1.1168900,1.1156000,1.1162700,56530
EURUSD,60,20190522,180000,1.1162700,1.1168200,1.1151000,1.1153900,59014
EURUSD,60,20190522,190000,1.1153800,1.1160500,1.1150000,1.1155600,56213
EURUSD,60,20190522,200000,1.1156300,1.1159800,1.1151000,1.1156900,35448
EURUSD,60,20190522,210000,1.1156900,1.1163300,1.1153000,1.1161300,31557
EURUSD,60,20190522,220000,1.1161300,1.1163700,1.1155000,1.1159600,36129
EURUSD,60,20190522,230000,1.1159600,1.1159700,1.1151000,1.1153300,30647
EURUSD,60,20190523,000000,1.1152700,1.1155000,1.1148000,1.1150300,16505
EURUSD,60,20190523,010000,1.1149400,1.1156000,1.1148000,1.1151600,18289
EURUSD,60,20190523,020000,1.1152300,1.1157300,1.1151000,1.1156400,17618
EURUSD,60,20190523,030000,1.1156400,1.1157100,1.1153000,1.1155200,14625
EURUSD,60,20190523,040000,1.1155200,1.1155400,1.1150000,1.1152500,21387
EURUSD,60,20190523,050000,1.1152500,1.1154000,1.1146000,1.1151800,27527
EURUSD,60,20190523,060000,1.1151800,1.1153000,1.1146000,1.1151700,27319
EURUSD,60,20190523,070000,1.1151700,1.1152700,1.1147000,1.1150200,24000
EURUSD,60,20190523,080000,1.1150200,1.1150300,1.1146000,1.1149000,17075
EURUSD,60,20190523,090000,1.1149000,1.1150400,1.1145000,1.1149500,21708
EURUSD,60,20190523,100000,1.1149700,1.1152200,1.1138000,1.1142100,44176
EURUSD,60,20190523,110000,1.1142100,1.1148100,1.1132000,1.1140500,70960
EURUSD,60,20190523,120000,1.1139500,1.1145600,1.1129000,1.1139600,61326
EURUSD,60,20190523,130000,1.1139700,1.1139700,1.1127000,1.1134700,49826
EURUSD,60,20190523,140000,1.1134900,1.1138100,1.1130000,1.1134500,43106
EURUSD,60,20190523,150000,1.1135400,1.1139200,1.1131000,1.1138600,41530
EURUSD,60,20190523,160000,1.1138600,1.1143900,1.1133000,1.1135500,52453
EURUSD,60,20190523,170000,1.1135600,1.1137100,1.1106000,1.1131000,90621
EURUSD,60,20190523,180000,1.1133000,1.1156800,1.1131000,1.1148800,94556
EURUSD,60,20190523,190000,1.1148700,1.1172800,1.1146000,1.1170900,72793
EURUSD,60,20190523,200000,1.1170900,1.1183500,1.1168000,1.1181900,54973
EURUSD,60,20190523,210000,1.1181900,1.1187500,1.1174000,1.1177500,39489
EURUSD,60,20190523,220000,1.1176600,1.1185400,1.1175000,1.1182400,27843
EURUSD,60,20190523,230000,1.1182300,1.1183300,1.1176000,1.1177800,33669
EURUSD,60,20190524,000000,1.1177800,1.1183300,1.1176000,1.1181500,15498
EURUSD,60,20190524,010000,1.1181700,1.1186000,1.1171000,1.1182700,19196
EURUSD,60,20190524,020000,1.1182700,1.1183700,1.1179000,1.1182000,17463
EURUSD,60,20190524,030000,1.1182100,1.1185400,1.1180000,1.1184100,14808
EURUSD,60,20190524,040000,1.1184100,1.1184300,1.1175000,1.1180200,26382
EURUSD,60,20190524,050000,1.1180200,1.1183300,1.1176000,1.1181100,30969
EURUSD,60,20190524,060000,1.1181100,1.1183400,1.1177000,1.1181200,26817
EURUSD,60,20190524,070000,1.1181200,1.1183000,1.1178000,1.1181100,22691
EURUSD,60,20190524,080000,1.1181100,1.1182500,1.1177000,1.1180800,19756
EURUSD,60,20190524,090000,1.1180800,1.1184800,1.1179000,1.1182900,17664
EURUSD,60,20190524,100000,1.1182900,1.1205600,1.1180000,1.1195700,54295
EURUSD,60,20190524,110000,1.1195700,1.1201300,1.1182000,1.1188500,57360
EURUSD,60,20190524,120000,1.1188500,1.1193500,1.1181000,1.1184600,46329
EURUSD,60,20190524,130000,1.1184500,1.1191400,1.1177000,1.1189900,49205
EURUSD,60,20190524,140000,1.1190100,1.1195400,1.1184000,1.1185700,41886
EURUSD,60,20190524,150000,1.1185700,1.1192100,1.1181000,1.1182400,43689
EURUSD,60,20190524,160000,1.1182400,1.1200600,1.1180000,1.1194600,62684
EURUSD,60,20190524,170000,1.1195500,1.1199000,1.1186000,1.1196200,61595
EURUSD,60,20190524,180000,1.1196200,1.1210500,1.1191000,1.1204600,61901
EURUSD,60,20190524,190000,1.1204500,1.1209700,1.1195000,1.1197000,54597
EURUSD,60,20190524,200000,1.1196300,1.1206000,1.1195000,1.1204800,34279
EURUSD,60,20190524,210000,1.1205300,1.1212100,1.1204000,1.1210200,32373
EURUSD,60,20190524,220000,1.1210200,1.1210400,1.1204000,1.1209000,24324
EURUSD,60,20190524,230000,1.1209200,1.1209700,1.1206000,1.1208000,22266
EURUSD,60,20190525,000000,1.1208500,1.1209400,1.1202100,1.1202100,16889
EURUSD,60,20190525,010000,1.1202000,1.1202000,1.1202000,1.1202000,1
EURUSD,60,20190526,230000,1.1190000,1.1209600,1.1189400,1.1208000,116
EURUSD,60,20190527,000000,1.1209900,1.1212000,1.1207300,1.1208100,131
EURUSD,60,20190527,010000,1.1208900,1.1211700,1.1207000,1.1209000,2117
EURUSD,60,20190527,020000,1.1209100,1.1210400,1.1207000,1.1209700,11052
EURUSD,60,20190527,030000,1.1209800,1.1211500,1.1205000,1.1206600,16008
EURUSD,60,20190527,040000,1.1206800,1.1207300,1.1201000,1.1206900,24145
EURUSD,60,20190527,050000,1.1206900,1.1212400,1.1205000,1.1211900,24553
EURUSD,60,20190527,060000,1.1212000,1.1214200,1.1208000,1.1210800,22003
EURUSD,60,20190527,070000,1.1210800,1.1215200,1.1209000,1.1213900,18714
EURUSD,60,20190527,080000,1.1213300,1.1214100,1.1205000,1.1206500,17622
EURUSD,60,20190527,090000,1.1206500,1.1211400,1.1205000,1.1209800,23385
EURUSD,60,20190527,100000,1.1209800,1.1210400,1.1200000,1.1204600,34483
EURUSD,60,20190527,110000,1.1204600,1.1204600,1.1194000,1.1196400,41658
EURUSD,60,20190527,120000,1.1196400,1.1198000,1.1190000,1.1192600,41407
EURUSD,60,20190527,130000,1.1192600,1.1198300,1.1190000,1.1193900,34495
EURUSD,60,20190527,140000,1.1193900,1.1195200,1.1190000,1.1192200,25873
EURUSD,60,20190527,150000,1.1192200,1.1197700,1.1189000,1.1194000,27163
EURUSD,60,20190527,160000,1.1195700,1.1198600,1.1193000,1.1195600,32000
EURUSD,60,20190527,170000,1.1196100,1.1199600,1.1185000,1.1192000,39336
EURUSD,60,20190527,180000,1.1192100,1.1193600,1.1189000,1.1191700,30254
EURUSD,60,20190527,190000,1.1191800,1.1195300,1.1189000,1.1191200,23333
EURUSD,60,20190527,200000,1.1191700,1.1192600,1.1188000,1.1191100,15823
EURUSD,60,20190527,210000,1.1191100,1.1191600,1.1189000,1.1190300,6581
EURUSD,60,20190527,220000,1.1190300,1.1190700,1.1187000,1.1189900,7332
EURUSD,60,20190527,230000,1.1189900,1.1192700,1.1189000,1.1191500,6109
EURUSD,60,20190528,000000,1.1191500,1.1194300,1.1189000,1.1191300,8219
EURUSD,60,20190528,010000,1.1190500,1.1197000,1.1189500,1.1192900,12934
EURUSD,60,20190528,020000,1.1192500,1.1194900,1.1191000,1.1193100,14038
EURUSD,60,20190528,030000,1.1193100,1.1193700,1.1190000,1.1193400,16121
EURUSD,60,20190528,040000,1.1193400,1.1196400,1.1190000,1.1192200,21920
EURUSD,60,20190528,050000,1.1192200,1.1194400,1.1179000,1.1183800,28745
EURUSD,60,20190528,060000,1.1183800,1.1185600,1.1178000,1.1182200,28632
EURUSD,60,20190528,070000,1.1182200,1.1184100,1.1179000,1.1182200,18878
EURUSD,60,20190528,080000,1.1182200,1.1183000,1.1177000,1.1182000,21849
EURUSD,60,20190528,090000,1.1182100,1.1186700,1.1180000,1.1185400,22602
EURUSD,60,20190528,100000,1.1185400,1.1187400,1.1175000,1.1183400,44132
EURUSD,60,20190528,110000,1.1184200,1.1187300,1.1174000,1.1186600,68939
EURUSD,60,20190528,120000,1.1186400,1.1194600,1.1182000,1.1192200,52337
EURUSD,60,20190528,130000,1.1192400,1.1198400,1.1188000,1.1190100,47754
EURUSD,60,20190528,140000,1.1190100,1.1190900,1.1180000,1.1188600,45632
EURUSD,60,20190528,150000,1.1188700,1.1193700,1.1185000,1.1193500,36241
EURUSD,60,20190528,160000,1.1193600,1.1194300,1.1182000,1.1187000,46722
EURUSD,60,20190528,170000,1.1188800,1.1194900,1.1187000,1.1191600,52977
EURUSD,60,20190528,180000,1.1191500,1.1194900,1.1168000,1.1173900,73171
EURUSD,60,20190528,190000,1.1173900,1.1181700,1.1170000,1.1176200,68377
EURUSD,60,20190528,200000,1.1176200,1.1177900,1.1160000,1.1165300,47953
EURUSD,60,20190528,210000,1.1165100,1.1171500,1.1162000,1.1170200,35557
EURUSD,60,20190528,220000,1.1170700,1.1172200,1.1162000,1.1164600,33333
EURUSD,60,20190528,230000,1.1164600,1.1167000,1.1159000,1.1165100,36089
EURUSD,60,20190529,000000,1.1165200,1.1168300,1.1158000,1.1159800,17868
EURUSD,60,20190529,010000,1.1160200,1.1168000,1.1157600,1.1165200,21526
EURUSD,60,20190529,020000,1.1165800,1.1165800,1.1162000,1.1165200,14270
EURUSD,60,20190529,030000,1.1165400,1.1169000,1.1163000,1.1168200,14566
EURUSD,60,20190529,040000,1.1168200,1.1172500,1.1165000,1.1169000,30394
EURUSD,60,20190529,050000,1.1169200,1.1170500,1.1163000,1.1166300,34175
EURUSD,60,20190529,060000,1.1166300,1.1166600,1.1160000,1.1164200,28610
EURUSD,60,20190529,070000,1.1164500,1.1166300,1.1162000,1.1164000,18201
EURUSD,60,20190529,080000,1.1165000,1.1166200,1.1160000,1.1164500,24403
EURUSD,60,20190529,090000,1.1163000,1.1169300,1.1161000,1.1166400,26737
EURUSD,60,20190529,100000,1.1166500,1.1167300,1.1153000,1.1156100,44991
EURUSD,60,20190529,110000,1.1156100,1.1160400,1.1151000,1.1153600,58402
EURUSD,60,20190529,120000,1.1153300,1.1159300,1.1150000,1.1154500,51636
EURUSD,60,20190529,130000,1.1154600,1.1158200,1.1147000,1.1156000,45323
EURUSD,60,20190529,140000,1.1156000,1.1158900,1.1152000,1.1156700,37930
EURUSD,60,20190529,150000,1.1156700,1.1157800,1.1146000,1.1151200,45534
EURUSD,60,20190529,160000,1.1151200,1.1156900,1.1147000,1.1149800,51811
EURUSD,60,20190529,170000,1.1149700,1.1150200,1.1139000,1.1144000,58371
EURUSD,60,20190529,180000,1.1143900,1.1153500,1.1134000,1.1142100,82274
EURUSD,60,20190529,190000,1.1142200,1.1142900,1.1122000,1.1135200,77415
EURUSD,60,20190529,200000,1.1135200,1.1139500,1.1131000,1.1133600,43271
EURUSD,60,20190529,210000,1.1133700,1.1138000,1.1124000,1.1137400,51996
EURUSD,60,20190529,220000,1.1137600,1.1138900,1.1131000,1.1133100,34359
EURUSD,60,20190529,230000,1.1133100,1.1134800,1.1127000,1.1131900,32232
EURUSD,60,20190530,000000,1.1131500,1.1135000,1.1128000,1.1130900,19164
EURUSD,60,20190530,010000,1.1130500,1.1141000,1.1129900,1.1135100,18297
EURUSD,60,20190530,020000,1.1135100,1.1137800,1.1132000,1.1137000,17014
EURUSD,60,20190530,030000,1.1137100,1.1137800,1.1134000,1.1136700,16220
EURUSD,60,20190530,040000,1.1136900,1.1143000,1.1133000,1.1139600,28525
EURUSD,60,20190530,050000,1.1139600,1.1143300,1.1138000,1.1139500,30919
EURUSD,60,20190530,060000,1.1139600,1.1140000,1.1133000,1.1138000,32413
EURUSD,60,20190530,070000,1.1138500,1.1139000,1.1135000,1.1138100,20865
EURUSD,60,20190530,080000,1.1138100,1.1141300,1.1135000,1.1140000,21847
EURUSD,60,20190530,090000,1.1139300,1.1140100,1.1132000,1.1135900,19951
EURUSD,60,20190530,100000,1.1135900,1.1136900,1.1129000,1.1134900,37655
EURUSD,60,20190530,110000,1.1135100,1.1135700,1.1122000,1.1131700,53653
EURUSD,60,20190530,120000,1.1131800,1.1138000,1.1129000,1.1134000,38279
EURUSD,60,20190530,130000,1.1134000,1.1143400,1.1130000,1.1142300,34687
EURUSD,60,20190530,140000,1.1142400,1.1143100,1.1133000,1.1136600,37810
EURUSD,60,20190530,150000,1.1136800,1.1140300,1.1133000,1.1134000,34364
EURUSD,60,20190530,160000,1.1136000,1.1141600,1.1128000,1.1131400,49638
EURUSD,60,20190530,170000,1.1131400,1.1133100,1.1115000,1.1123500,66659
EURUSD,60,20190530,180000,1.1123300,1.1129200,1.1118000,1.1126000,63890
EURUSD,60,20190530,190000,1.1125500,1.1140100,1.1123000,1.1139100,61875
EURUSD,60,20190530,200000,1.1139200,1.1139200,1.1131000,1.1135000,37540
EURUSD,60,20190530,210000,1.1135900,1.1140000,1.1133000,1.1137200,31241
EURUSD,60,20190530,220000,1.1137200,1.1138000,1.1131000,1.1134400,35922
EURUSD,60,20190530,230000,1.1134400,1.1136100,1.1132000,1.1134700,35361
EURUSD,60,20190531,000000,1.1134600,1.1135100,1.1127000,1.1128000,16165
EURUSD,60,20190531,010000,1.1128600,1.1135000,1.1126000,1.1129000,16395
EURUSD,60,20190531,020000,1.1129000,1.1133200,1.1126000,1.1132800,12373
EURUSD,60,20190531,030000,1.1132700,1.1134600,1.1128000,1.1129700,21716
EURUSD,60,20190531,040000,1.1129700,1.1140400,1.1128000,1.1134300,37741
EURUSD,60,20190531,050000,1.1134000,1.1139000,1.1132000,1.1137400,30511
EURUSD,60,20190531,060000,1.1137400,1.1137400,1.1131000,1.1133600,37147
EURUSD,60,20190531,070000,1.1134200,1.1135300,1.1128000,1.1130700,25658
EURUSD,60,20190531,080000,1.1130700,1.1131000,1.1124000,1.1128100,28385
EURUSD,60,20190531,090000,1.1128100,1.1132700,1.1124000,1.1129000,32579
EURUSD,60,20190531,100000,1.1129000,1.1136200,1.1127000,1.1134500,43900
EURUSD,60,20190531,110000,1.1134500,1.1148300,1.1131000,1.1142300,59942
EURUSD,60,20190531,120000,1.1142900,1.1154500,1.1141000,1.1147900,55554
EURUSD,60,20190531,130000,1.1147900,1.1156600,1.1145000,1.1149900,60219
EURUSD,60,20190531,140000,1.1149200,1.1154800,1.1145000,1.1146100,50447
EURUSD,60,20190531,150000,1.1145500,1.1150100,1.1139000,1.1143200,52781
EURUSD,60,20190531,160000,1.1143700,1.1164800,1.1142000,1.1155400,69137
EURUSD,60,20190531,170000,1.1156000,1.1160900,1.1151000,1.1158800,66011
EURUSD,60,20190531,180000,1.1158600,1.1179800,1.1140000,1.1141000,93394
EURUSD,60,20190531,190000,1.1141700,1.1156900,1.1136000,1.1148800,73119
EURUSD,60,20190531,200000,1.1149100,1.1163700,1.1146000,1.1161500,50076
EURUSD,60,20190531,210000,1.1161500,1.1169200,1.1155000,1.1166600,50446
EURUSD,60,20190531,220000,1.1166600,1.1178100,1.1164000,1.1172000,61813
EURUSD,60,20190531,230000,1.1172800,1.1174800,1.1166000,1.1172800,52950
EURUSD,60,20190601,000000,1.1172800,1.1173000,1.1164000,1.1166300,20506
EURUSD,60,20190601,010000,1.1169000,1.1169000,1.1168600,1.1168600,2
EURUSD,60,20190602,230000,1.1167500,1.1168300,1.1152000,1.1156300,109
EURUSD,60,20190603,000000,1.1158100,1.1169500,1.1156000,1.1165000,119
EURUSD,60,20190603,010000,1.1163600,1.1170000,1.1159000,1.1167800,13044
EURUSD,60,20190603,020000,1.1168300,1.1173800,1.1167000,1.1171500,32530
EURUSD,60,20190603,030000,1.1171600,1.1174300,1.1169000,1.1173600,22388
EURUSD,60,20190603,040000,1.1173600,1.1182000,1.1171000,1.1179100,49504
EURUSD,60,20190603,050000,1.1179100,1.1186300,1.1174000,1.1184600,55644
EURUSD,60,20190603,060000,1.1184500,1.1188300,1.1181000,1.1188000,48698
EURUSD,60,20190603,070000,1.1188000,1.1190000,1.1182000,1.1184600,43116
EURUSD,60,20190603,080000,1.1184600,1.1186100,1.1175000,1.1176700,30072
EURUSD,60,20190603,090000,1.1176800,1.1179300,1.1173000,1.1174500,30862
EURUSD,60,20190603,100000,1.1174600,1.1176400,1.1159000,1.1163800,75628
EURUSD,60,20190603,110000,1.1163600,1.1174400,1.1160000,1.1172500,130920
EURUSD,60,20190603,120000,1.1172500,1.1180100,1.1164000,1.1179400,111492
EURUSD,60,20190603,130000,1.1179400,1.1183300,1.1168000,1.1173200,87961
EURUSD,60,20190603,140000,1.1173100,1.1185000,1.1171000,1.1183900,67982
EURUSD,60,20190603,150000,1.1183900,1.1189600,1.1176000,1.1180700,81655
EURUSD,60,20190603,160000,1.1179800,1.1200200,1.1179800,1.1195100,113808
EURUSD,60,20190603,170000,1.1194700,1.1205400,1.1183000,1.1201700,105741
EURUSD,60,20190603,180000,1.1201100,1.1209100,1.1195000,1.1201400,152667
EURUSD,60,20190603,190000,1.1201400,1.1208300,1.1198000,1.1204400,110895
EURUSD,60,20190603,200000,1.1204400,1.1217800,1.1202000,1.1215500,89953
EURUSD,60,20190603,210000,1.1215500,1.1250700,1.1214000,1.1243000,138644
EURUSD,60,20190603,220000,1.1243200,1.1259500,1.1237000,1.1258900,121579
EURUSD,60,20190603,230000,1.1258800,1.1262000,1.1244000,1.1247300,132948
EURUSD,60,20190604,000000,1.1247000,1.1247300,1.1239000,1.1240300,29523
EURUSD,60,20190604,010000,1.1240900,1.1244800,1.1239000,1.1243900,14122
EURUSD,60,20190604,020000,1.1244300,1.1246600,1.1242000,1.1245000,14753
EURUSD,60,20190604,030000,1.1245300,1.1247700,1.1242000,1.1245600,26128
EURUSD,60,20190604,040000,1.1245600,1.1255300,1.1243000,1.1250100,41165
EURUSD,60,20190604,050000,1.1250000,1.1250600,1.1242000,1.1247500,35743
EURUSD,60,20190604,060000,1.1247500,1.1254000,1.1244000,1.1253200,33877
EURUSD,60,20190604,070000,1.1253100,1.1254000,1.1250000,1.1253200,29520
EURUSD,60,20190604,080000,1.1253600,1.1257700,1.1244000,1.1246800,57768
EURUSD,60,20190604,090000,1.1247000,1.1255300,1.1244000,1.1253200,42018
EURUSD,60,20190604,100000,1.1253200,1.1270900,1.1246000,1.1263500,87319
EURUSD,60,20190604,110000,1.1264300,1.1277400,1.1260000,1.1262700,113821
EURUSD,60,20190604,120000,1.1262600,1.1263800,1.1242000,1.1247600,92120
EURUSD,60,20190604,130000,1.1247900,1.1252200,1.1238000,1.1248000,92433
EURUSD,60,20190604,140000,1.1248000,1.1259200,1.1241000,1.1258600,91286
EURUSD,60,20190604,150000,1.1258700,1.1263500,1.1251000,1.1253700,80999
EURUSD,60,20190604,160000,1.1253700,1.1254100,1.1230000,1.1234800,138235
EURUSD,60,20190604,170000,1.1234100,1.1266800,1.1225000,1.1248000,142986
EURUSD,60,20190604,180000,1.1248000,1.1253300,1.1227900,1.1232000,187758
EURUSD,60,20190604,190000,1.1231600,1.1242700,1.1230000,1.1236700,93241
EURUSD,60,20190604,200000,1.1236700,1.1247000,1.1230000,1.1244500,59429
EURUSD,60,20190604,210000,1.1244500,1.1260500,1.1241000,1.1258800,73385
EURUSD,60,20190604,220000,1.1258800,1.1266700,1.1253000,1.1258700,82245
EURUSD,60,20190604,230000,1.1258900,1.1264600,1.1253000,1.1257000,50118
EURUSD,60,20190605,000000,1.1257100,1.1257500,1.1250000,1.1250000,19234
EURUSD,60,20190605,010000,1.1251700,1.1255000,1.1248000,1.1253300,18584
EURUSD,60,20190605,020000,1.1254000,1.1254100,1.1249000,1.1252400,16438
EURUSD,60,20190605,030000,1.1252600,1.1256400,1.1250000,1.1253500,18448
EURUSD,60,20190605,040000,1.1253800,1.1261400,1.1252000,1.1257200,31991
EURUSD,60,20190605,050000,1.1258000,1.1264400,1.1255000,1.1263200,45584
EURUSD,60,20190605,060000,1.1263200,1.1265700,1.1259000,1.1261100,35201
EURUSD,60,20190605,070000,1.1261200,1.1262800,1.1257000,1.1261500,25220
EURUSD,60,20190605,080000,1.1261500,1.1263000,1.1257000,1.1260200,19778
EURUSD,60,20190605,090000,1.1260200,1.1265800,1.1259000,1.1263400,26268
EURUSD,60,20190605,100000,1.1263600,1.1272800,1.1256000,1.1260400,71009
EURUSD,60,20190605,110000,1.1260400,1.1268700,1.1256000,1.1266900,94465
EURUSD,60,20190605,120000,1.1267000,1.1284600,1.1263000,1.1279000,88104
EURUSD,60,20190605,130000,1.1278400,1.1288700,1.1276000,1.1283200,73567
EURUSD,60,20190605,140000,1.1283300,1.1286200,1.1256000,1.1260700,90122
EURUSD,60,20190605,150000,1.1260900,1.1265100,1.1251000,1.1255600,98094
EURUSD,60,20190605,160000,1.1255800,1.1306800,1.1252000,1.1292900,233640
EURUSD,60,20190605,170000,1.1292800,1.1296300,1.1269000,1.1274000,147823
EURUSD,60,20190605,180000,1.1274000,1.1274200,1.1255000,1.1262200,212866
EURUSD,60,20190605,190000,1.1261900,1.1263200,1.1239000,1.1242200,174801
EURUSD,60,20190605,200000,1.1242100,1.1242400,1.1229000,1.1235200,103605
EURUSD,60,20190605,210000,1.1235200,1.1236200,1.1229000,1.1233100,59065
EURUSD,60,20190605,220000,1.1233000,1.1234100,1.1218000,1.1226000,74795
EURUSD,60,20190605,230000,1.1225000,1.1230700,1.1219000,1.1224000,66021
EURUSD,60,20190606,000000,1.1224200,1.1226000,1.1218000,1.1221000,23952
EURUSD,60,20190606,010000,1.1220700,1.1228500,1.1219300,1.1226700,35495
EURUSD,60,20190606,020000,1.1226500,1.1231000,1.1224000,1.1227900,25421
EURUSD,60,20190606,030000,1.1228300,1.1231200,1.1226000,1.1228600,23600
EURUSD,60,20190606,040000,1.1228000,1.1232300,1.1225000,1.1226200,34562
EURUSD,60,20190606,050000,1.1227100,1.1229100,1.1222000,1.1224900,34050
EURUSD,60,20190606,060000,1.1224900,1.1227500,1.1222000,1.1227100,30897
EURUSD,60,20190606,070000,1.1226900,1.1231200,1.1225000,1.1229000,28429
EURUSD,60,20190606,080000,1.1230300,1.1233000,1.1227000,1.1232600,22861
EURUSD,60,20190606,090000,1.1232600,1.1234200,1.1227000,1.1233700,22479
EURUSD,60,20190606,100000,1.1233500,1.1235900,1.1221000,1.1228400,70361
EURUSD,60,20190606,110000,1.1228500,1.1228500,1.1221000,1.1226500,47907
EURUSD,60,20190606,170000,1.1255400,1.1256900,1.1243000,1.1254700,60126
EURUSD,60,20190606,180000,1.1254700,1.1283300,1.1253000,1.1280700,154261
EURUSD,60,20190606,190000,1.1280700,1.1300000,1.1279000,1.1293800,130954
EURUSD,60,20190606,200000,1.1293800,1.1300200,1.1281000,1.1293200,83133
EURUSD,60,20190606,210000,1.1293300,1.1294700,1.1285000,1.1287400,50864
EURUSD,60,20190606,220000,1.1287400,1.1289000,1.1266000,1.1273000,115561
EURUSD,60,20190606,230000,1.1273100,1.1281900,1.1271000,1.1274500,66943
EURUSD,60,20190607,000000,1.1274300,1.1276000,1.1267000,1.1275100,27632
EURUSD,60,20190607,010000,1.1275900,1.1281000,1.1270800,1.1275900,29616
EURUSD,60,20190607,020000,1.1276700,1.1279400,1.1274500,1.1277300,14747
EURUSD,60,20190607,030000,1.1277500,1.1279300,1.1274000,1.1274800,22290
EURUSD,60,20190607,040000,1.1275700,1.1276600,1.1271000,1.1274800,40355
EURUSD,60,20190607,050000,1.1274800,1.1275600,1.1269000,1.1274600,39328
EURUSD,60,20190607,060000,1.1274800,1.1275000,1.1266000,1.1268500,36151
EURUSD,60,20190607,070000,1.1268700,1.1270200,1.1264000,1.1266900,31287
EURUSD,60,20190607,080000,1.1266800,1.1268700,1.1265000,1.1267000,28985
EURUSD,60,20190607,090000,1.1267000,1.1267400,1.1262000,1.1264200,24882
EURUSD,60,20190607,100000,1.1264300,1.1266700,1.1255000,1.1262300,71352
EURUSD,60,20190607,110000,1.1261600,1.1270300,1.1258000,1.1262500,83300
EURUSD,60,20190607,120000,1.1262500,1.1268400,1.1256000,1.1265000,74652
EURUSD,60,20190607,130000,1.1264400,1.1268900,1.1255000,1.1256600,55084
EURUSD,60,20190607,140000,1.1256600,1.1266100,1.1250000,1.1262000,67380
EURUSD,60,20190607,150000,1.1262700,1.1271500,1.1261000,1.1270600,65386
EURUSD,60,20190607,160000,1.1270700,1.1326800,1.1266900,1.1317000,250207
EURUSD,60,20190607,170000,1.1317000,1.1326200,1.1306000,1.1319000,218299
EURUSD,60,20190607,180000,1.1319000,1.1347900,1.1315000,1.1337600,190360
EURUSD,60,20190607,190000,1.1337700,1.1345600,1.1322000,1.1324000,137006
EURUSD,60,20190607,200000,1.1324000,1.1342300,1.1322000,1.1338900,92523
EURUSD,60,20190607,210000,1.1339800,1.1343500,1.1332000,1.1343100,84097
EURUSD,60,20190607,220000,1.1343100,1.1344200,1.1329000,1.1339100,80036
EURUSD,60,20190607,230000,1.1339200,1.1339500,1.1326000,1.1333100,51609
EURUSD,60,20190608,000000,1.1333200,1.1337000,1.1328000,1.1331500,24753
EURUSD,60,20190608,010000,1.1331400,1.1333000,1.1331400,1.1333000,2
EURUSD,60,20190609,230000,1.1320000,1.1320400,1.1307000,1.1314000,210
EURUSD,60,20190610,000000,1.1314000,1.1327200,1.1314000,1.1322600,208
EURUSD,60,20190610,010000,1.1322500,1.1327700,1.1317200,1.1326600,9667
EURUSD,60,20190610,020000,1.1327300,1.1330900,1.1315000,1.1316800,28767
EURUSD,60,20190610,030000,1.1316800,1.1321300,1.1313000,1.1319000,22211
EURUSD,60,20190610,040000,1.1319000,1.1324300,1.1314000,1.1316200,38873
EURUSD,60,20190610,050000,1.1316200,1.1316900,1.1309000,1.1315400,47468
EURUSD,60,20190610,060000,1.1315400,1.1315700,1.1309000,1.1313000,31736
EURUSD,60,20190610,070000,1.1313000,1.1315000,1.1309000,1.1310900,24216
EURUSD,60,20190610,080000,1.1311000,1.1312300,1.1305000,1.1307700,32539
EURUSD,60,20190610,090000,1.1307700,1.1309000,1.1301000,1.1304400,32796
EURUSD,60,20190610,100000,1.1304600,1.1312800,1.1302000,1.1311000,55706
EURUSD,60,20190610,110000,1.1311100,1.1311300,1.1289000,1.1292400,76909
EURUSD,60,20190610,120000,1.1293000,1.1301800,1.1290000,1.1296400,82070
EURUSD,60,20190610,130000,1.1296500,1.1306700,1.1294000,1.1305600,64598
EURUSD,60,20190610,140000,1.1306300,1.1309600,1.1303000,1.1307800,54641
EURUSD,60,20190610,150000,1.1307700,1.1310700,1.1296000,1.1297800,69977
EURUSD,60,20190610,160000,1.1297800,1.1311500,1.1296000,1.1308300,88657
EURUSD,60,20190610,170000,1.1308400,1.1319900,1.1298000,1.1300500,105492
EURUSD,60,20190610,180000,1.1300600,1.1317500,1.1289000,1.1316000,126080
EURUSD,60,20190610,190000,1.1316000,1.1319900,1.1307000,1.1310000,97536
EURUSD,60,20190610,200000,1.1310000,1.1317700,1.1307000,1.1316100,56726
EURUSD,60,20190610,210000,1.1316200,1.1318200,1.1308000,1.1313900,56856
EURUSD,60,20190610,220000,1.1313700,1.1324500,1.1311000,1.1315100,90425
EURUSD,60,20190610,230000,1.1314500,1.1319400,1.1312000,1.1317700,38239
EURUSD,60,20190611,000000,1.1317600,1.1318500,1.1308000,1.1310700,19954
EURUSD,60,20190611,010000,1.1311300,1.1314400,1.1307000,1.1312800,14322
EURUSD,60,20190611,020000,1.1312900,1.1315100,1.1311000,1.1314600,10801
EURUSD,60,20190611,030000,1.1314600,1.1318400,1.1313000,1.1317600,14129
EURUSD,60,20190611,040000,1.1317800,1.1318600,1.1307000,1.1314700,38699
EURUSD,60,20190611,050000,1.1314700,1.1318800,1.1307000,1.1310700,65695
EURUSD,60,20190611,060000,1.1310700,1.1316100,1.1306000,1.1315500,31110
EURUSD,60,20190611,070000,1.1315700,1.1316300,1.1311000,1.1313800,25729
EURUSD,60,20190611,080000,1.1313800,1.1318200,1.1310000,1.1317300,24117
EURUSD,60,20190611,090000,1.1317500,1.1319400,1.1312000,1.1318900,31200
EURUSD,60,20190611,100000,1.1318900,1.1322600,1.1312000,1.1314700,76381
EURUSD,60,20190611,110000,1.1314600,1.1331800,1.1313000,1.1320900,97489
EURUSD,60,20190611,120000,1.1320900,1.1324900,1.1310000,1.1312800,101789
EURUSD,60,20190611,130000,1.1313000,1.1320300,1.1311000,1.1318500,84508
EURUSD,60,20190611,140000,1.1318700,1.1325000,1.1312000,1.1314000,89469
EURUSD,60,20190611,150000,1.1314100,1.1321100,1.1303000,1.1310000,89338
EURUSD,60,20190611,160000,1.1310100,1.1326900,1.1300000,1.1317700,170399
EURUSD,60,20190611,170000,1.1318400,1.1325700,1.1311000,1.1315000,139136
EURUSD,60,20190611,180000,1.1315000,1.1324900,1.1309000,1.1314600,149090
EURUSD,60,20190611,190000,1.1314400,1.1318200,1.1308000,1.1315200,120220
EURUSD,60,20190611,200000,1.1315300,1.1331500,1.1311000,1.1329100,83843
EURUSD,60,20190611,210000,1.1329400,1.1337200,1.1323000,1.1331000,90618
EURUSD,60,20190611,220000,1.1332500,1.1337600,1.1329000,1.1331900,64129
EURUSD,60,20190611,230000,1.1331400,1.1332900,1.1325000,1.1328100,50589
EURUSD,60,20190612,000000,1.1328000,1.1330000,1.1323000,1.1325400,16483
EURUSD,60,20190612,010000,1.1325800,1.1330000,1.1324000,1.1327300,11521
EURUSD,60,20190612,020000,1.1326400,1.1329000,1.1325000,1.1327800,13678
EURUSD,60,20190612,030000,1.1327900,1.1330100,1.1325000,1.1329400,15005
EURUSD,60,20190612,040000,1.1329500,1.1332100,1.1325000,1.1329200,35091
EURUSD,60,20190612,050000,1.1329300,1.1334200,1.1326000,1.1328800,61054
EURUSD,60,20190612,060000,1.1328800,1.1330000,1.1325000,1.1327800,37672
EURUSD,60,20190612,070000,1.1328000,1.1334100,1.1326000,1.1332500,28032
EURUSD,60,20190612,080000,1.1333400,1.1334600,1.1329000,1.1333600,27920
EURUSD,60,20190612,090000,1.1333900,1.1337600,1.1329000,1.1337400,44553
EURUSD,60,20190612,100000,1.1337400,1.1340700,1.1330000,1.1333400,74147
EURUSD,60,20190612,110000,1.1334200,1.1340200,1.1328000,1.1339700,94803
EURUSD,60,20190612,120000,1.1339900,1.1343500,1.1330000,1.1333800,100465
EURUSD,60,20190612,130000,1.1333700,1.1335600,1.1323000,1.1328800,52372
EURUSD,60,20190612,140000,1.1328800,1.1331400,1.1310000,1.1319000,105527
EURUSD,60,20190612,150000,1.1319900,1.1325400,1.1313000,1.1321600,104211
EURUSD,60,20190612,160000,1.1321600,1.1340800,1.1313000,1.1319600,177510
EURUSD,60,20190612,170000,1.1319600,1.1320000,1.1306000,1.1315200,133275
EURUSD,60,20190612,180000,1.1315300,1.1325900,1.1311000,1.1320500,126333
EURUSD,60,20190612,190000,1.1320000,1.1325000,1.1306000,1.1310100,97608
EURUSD,60,20190612,200000,1.1310100,1.1315400,1.1288000,1.1297000,105766
EURUSD,60,20190612,210000,1.1297000,1.1298400,1.1289000,1.1293900,73419
EURUSD,60,20190612,220000,1.1294000,1.1296200,1.1281000,1.1285800,64345
EURUSD,60,20190612,230000,1.1285800,1.1289300,1.1283000,1.1286700,33742
EURUSD,60,20190613,000000,1.1287300,1.1290000,1.1284000,1.1287100,19154
EURUSD,60,20190613,010000,1.1286900,1.1292000,1.1285800,1.1290700,25770
EURUSD,60,20190613,020000,1.1291300,1.1294000,1.1290000,1.1292500,14151
EURUSD,60,20190613,030000,1.1292500,1.1294400,1.1290000,1.1292500,14633
EURUSD,60,20190613,040000,1.1292500,1.1295600,1.1288000,1.1290400,28014
EURUSD,60,20190613,050000,1.1290600,1.1298300,1.1286000,1.1294000,63504
EURUSD,60,20190613,060000,1.1295400,1.1297300,1.1291000,1.1294000,61020
EURUSD,60,20190613,070000,1.1294000,1.1296100,1.1290000,1.1293400,39777
EURUSD,60,20190613,080000,1.1293300,1.1298000,1.1289000,1.1297700,26667
EURUSD,60,20190613,090000,1.1297700,1.1300500,1.1295000,1.1298800,31927
EURUSD,60,20190613,100000,1.1299000,1.1303800,1.1284700,1.1294500,88378
EURUSD,60,20190613,110000,1.1294700,1.1301900,1.1291000,1.1295200,118739
EURUSD,60,20190613,120000,1.1295100,1.1300400,1.1290000,1.1290900,84617
EURUSD,60,20190613,130000,1.1291700,1.1295700,1.1286000,1.1288600,64994
EURUSD,60,20190613,140000,1.1288600,1.1293200,1.1283000,1.1287100,67155
EURUSD,60,20190613,150000,1.1287300,1.1297000,1.1284000,1.1296600,71371
EURUSD,60,20190613,160000,1.1296600,1.1296900,1.1272000,1.1278300,118283
EURUSD,60,20190613,170000,1.1277700,1.1284200,1.1269000,1.1272200,131576
EURUSD,60,20190613,180000,1.1272200,1.1281300,1.1267000,1.1271700,141714
EURUSD,60,20190613,190000,1.1271700,1.1277400,1.1269000,1.1274100,81012
EURUSD,60,20190613,200000,1.1273000,1.1279800,1.1271000,1.1275400,64646
EURUSD,60,20190613,210000,1.1276100,1.1284100,1.1273000,1.1279300,68514
EURUSD,60,20190613,220000,1.1279300,1.1285000,1.1275000,1.1278700,90389
EURUSD,60,20190613,230000,1.1278700,1.1281900,1.1271000,1.1274600,54350
EURUSD,60,20190614,000000,1.1274600,1.1277000,1.1271000,1.1276400,14894
EURUSD,60,20190614,010000,1.1275700,1.1283000,1.1273000,1.1277200,19382
EURUSD,60,20190614,020000,1.1277200,1.1281100,1.1275000,1.1277900,18549
EURUSD,60,20190614,030000,1.1278200,1.1280700,1.1275000,1.1279500,16053
EURUSD,60,20190614,040000,1.1279600,1.1282300,1.1277000,1.1278700,33586
EURUSD,60,20190614,050000,1.1278700,1.1279100,1.1271000,1.1275400,45632
EURUSD,60,20190614,060000,1.1275400,1.1280700,1.1273000,1.1274600,42282
EURUSD,60,20190614,070000,1.1274600,1.1277200,1.1269000,1.1271900,37028
EURUSD,60,20190614,080000,1.1271900,1.1274300,1.1269000,1.1272700,21767
EURUSD,60,20190614,090000,1.1272600,1.1274000,1.1268000,1.1271200,25456
EURUSD,60,20190614,100000,1.1271200,1.1282500,1.1269000,1.1281800,66059
EURUSD,60,20190614,110000,1.1281700,1.1287300,1.1273000,1.1284200,124048
EURUSD,60,20190614,120000,1.1284000,1.1289300,1.1276000,1.1279600,84532
EURUSD,60,20190614,130000,1.1279600,1.1279700,1.1259000,1.1270300,101617
EURUSD,60,20190614,140000,1.1270400,1.1272300,1.1260000,1.1264300,68582
EURUSD,60,20190614,150000,1.1264200,1.1265500,1.1250000,1.1259100,98303
EURUSD,60,20190614,160000,1.1259100,1.1267900,1.1230000,1.1231000,205969
EURUSD,60,20190614,170000,1.1231300,1.1243700,1.1230000,1.1241400,183613
EURUSD,60,20190614,180000,1.1241200,1.1246000,1.1221000,1.1225000,171278
EURUSD,60,20190614,190000,1.1225000,1.1227800,1.1210900,1.1216400,114909
EURUSD,60,20190614,200000,1.1216400,1.1217600,1.1205000,1.1208500,91160
EURUSD,60,20190614,210000,1.1208600,1.1212000,1.1201000,1.1209900,88313
EURUSD,60,20190614,220000,1.1209800,1.1213900,1.1205000,1.1206800,48269
EURUSD,60,20190614,230000,1.1206700,1.1213500,1.1205000,1.1207000,42466
EURUSD,60,20190615,000000,1.1207200,1.1212700,1.1204000,1.1208900,28575
EURUSD,60,20190616,230000,1.1211000,1.1211000,1.1203000,1.1205000,131
EURUSD,60,20190617,000000,1.1205000,1.1216000,1.1205000,1.1210900,204
EURUSD,60,20190617,010000,1.1208000,1.1213700,1.1206900,1.1209900,7330
EURUSD,60,20190617,020000,1.1209300,1.1215700,1.1208200,1.1214300,19528
EURUSD,60,20190617,030000,1.1214500,1.1217300,1.1212000,1.1215500,26737
EURUSD,60,20190617,040000,1.1215400,1.1221800,1.1213000,1.1219300,34211
EURUSD,60,20190617,050000,1.1218800,1.1224000,1.1216000,1.1223000,36810
EURUSD,60,20190617,060000,1.1223700,1.1224100,1.1218000,1.1219700,20951
EURUSD,60,20190617,070000,1.1219800,1.1221000,1.1217000,1.1220100,18400
EURUSD,60,20190617,080000,1.1220100,1.1220600,1.1212000,1.1216600,29137
EURUSD,60,20190617,090000,1.1216600,1.1217500,1.1212000,1.1215900,34814
EURUSD,60,20190617,100000,1.1216700,1.1216700,1.1203000,1.1209800,69920
EURUSD,60,20190617,110000,1.1209900,1.1213600,1.1202000,1.1212900,99361
EURUSD,60,20190617,120000,1.1213000,1.1218700,1.1211000,1.1213800,70851
EURUSD,60,20190617,130000,1.1213800,1.1217300,1.1209000,1.1211400,59197
EURUSD,60,20190617,140000,1.1211500,1.1220000,1.1209000,1.1219000,64180
EURUSD,60,20190617,150000,1.1219500,1.1230900,1.1214000,1.1229400,83411
EURUSD,60,20190617,160000,1.1229400,1.1247100,1.1228000,1.1236700,124843
EURUSD,60,20190617,170000,1.1236700,1.1242000,1.1233000,1.1238000,102174
EURUSD,60,20190617,180000,1.1238400,1.1243700,1.1219000,1.1223500,104922
EURUSD,60,20190617,190000,1.1223500,1.1236100,1.1221000,1.1234300,94525
EURUSD,60,20190617,200000,1.1234400,1.1238100,1.1225000,1.1226500,56817
EURUSD,60,20190617,210000,1.1226500,1.1228100,1.1217000,1.1218900,66342
EURUSD,60,20190617,220000,1.1218900,1.1221600,1.1212000,1.1216900,56871
EURUSD,60,20190617,230000,1.1216900,1.1219800,1.1213000,1.1215000,35659
EURUSD,60,20190618,000000,1.1216300,1.1219600,1.1213000,1.1217900,15927
EURUSD,60,20190618,010000,1.1218100,1.1221700,1.1216000,1.1221000,12438
EURUSD,60,20190618,020000,1.1220900,1.1223500,1.1219000,1.1221000,16172
EURUSD,60,20190618,030000,1.1221000,1.1225000,1.1219000,1.1224100,25068
EURUSD,60,20190618,040000,1.1224300,1.1226200,1.1220000,1.1224800,26274
EURUSD,60,20190618,050000,1.1224900,1.1231000,1.1223000,1.1230600,49643
EURUSD,60,20190618,060000,1.1230700,1.1234100,1.1228000,1.1231800,35350
EURUSD,60,20190618,070000,1.1231900,1.1233000,1.1228000,1.1230200,24404
EURUSD,60,20190618,080000,1.1230000,1.1234000,1.1227000,1.1233300,26907
EURUSD,60,20190618,090000,1.1233000,1.1239500,1.1230000,1.1236700,45692
EURUSD,60,20190618,100000,1.1236400,1.1238100,1.1229000,1.1236100,58331
EURUSD,60,20190618,110000,1.1236100,1.1243000,1.1234000,1.1237400,84424
EURUSD,60,20190618,120000,1.1237500,1.1237800,1.1187000,1.1189800,289982
EURUSD,60,20190618,130000,1.1189800,1.1190000,1.1180000,1.1185000,139437
EURUSD,60,20190618,140000,1.1185000,1.1210200,1.1181000,1.1202400,112379
EURUSD,60,20190618,150000,1.1202400,1.1204300,1.1185000,1.1195700,121262
EURUSD,60,20190618,160000,1.1195700,1.1208100,1.1184000,1.1198400,167289
EURUSD,60,20190618,170000,1.1198600,1.1206000,1.1194000,1.1198400,181859
EURUSD,60,20190618,180000,1.1198500,1.1198700,1.1181000,1.1186200,221531
EURUSD,60,20190618,190000,1.1186200,1.1212900,1.1181000,1.1195800,200539
EURUSD,60,20190618,200000,1.1195600,1.1201400,1.1192000,1.1201200,105649
EURUSD,60,20190618,210000,1.1201200,1.1204300,1.1189000,1.1194200,92575
EURUSD,60,20190618,220000,1.1194700,1.1197000,1.1191000,1.1194100,57899
EURUSD,60,20190618,230000,1.1194200,1.1199000,1.1191000,1.1194300,51204
EURUSD,60,20190619,000000,1.1194300,1.1199200,1.1191000,1.1193600,23043
EURUSD,60,20190619,010000,1.1193200,1.1197400,1.1190000,1.1194300,17079
EURUSD,60,20190619,020000,1.1194200,1.1196300,1.1193000,1.1195000,11399
EURUSD,60,20190619,030000,1.1195400,1.1198100,1.1193000,1.1197800,18297
EURUSD,60,20190619,040000,1.1197700,1.1202400,1.1195000,1.1200300,45977
EURUSD,60,20190619,050000,1.1200300,1.1200900,1.1191000,1.1195200,51214
EURUSD,60,20190619,060000,1.1195400,1.1197000,1.1189000,1.1193100,33810
EURUSD,60,20190619,070000,1.1193100,1.1194000,1.1189000,1.1193300,28477
EURUSD,60,20190619,080000,1.1193300,1.1194300,1.1185000,1.1187400,31690
EURUSD,60,20190619,090000,1.1188200,1.1194100,1.1186000,1.1192200,39801
EURUSD,60,20190619,100000,1.1191700,1.1196600,1.1190000,1.1195700,64902
EURUSD,60,20190619,110000,1.1195700,1.1201000,1.1188000,1.1200300,91067
EURUSD,60,20190619,120000,1.1200200,1.1206100,1.1196000,1.1199900,90817
EURUSD,60,20190619,130000,1.1199900,1.1206600,1.1196000,1.1201900,75132
EURUSD,60,20190619,140000,1.1202800,1.1207400,1.1199000,1.1206800,75644
EURUSD,60,20190619,150000,1.1206800,1.1208000,1.1200000,1.1203200,62521
EURUSD,60,20190619,160000,1.1203200,1.1207300,1.1199000,1.1205100,82384
EURUSD,60,20190619,170000,1.1204900,1.1208300,1.1201000,1.1203900,81886
EURUSD,60,20190619,180000,1.1204200,1.1216900,1.1199000,1.1216200,133874
EURUSD,60,20190619,190000,1.1216400,1.1220200,1.1212000,1.1212600,94436
EURUSD,60,20190619,200000,1.1213300,1.1215700,1.1203000,1.1215100,86224
EURUSD,60,20190619,210000,1.1215100,1.1222300,1.1211000,1.1217500,76449
EURUSD,60,20190619,220000,1.1217100,1.1254200,1.1215100,1.1246000,408561
EURUSD,60,20190619,230000,1.1246200,1.1247600,1.1219000,1.1228700,191738
EURUSD,60,20190620,000000,1.1228700,1.1232000,1.1224000,1.1226200,39486
EURUSD,60,20190620,010000,1.1226000,1.1230600,1.1224600,1.1228800,13135
EURUSD,60,20190620,020000,1.1229300,1.1236100,1.1228000,1.1235600,23256
EURUSD,60,20190620,030000,1.1235700,1.1238300,1.1233000,1.1235800,24753
EURUSD,60,20190620,040000,1.1235700,1.1258100,1.1234000,1.1257400,91540
EURUSD,60,20190620,050000,1.1257300,1.1266200,1.1254000,1.1263100,117080
EURUSD,60,20190620,060000,1.1263100,1.1269200,1.1256000,1.1267100,74022
EURUSD,60,20190620,070000,1.1267300,1.1273100,1.1263000,1.1271200,79423
EURUSD,60,20190620,080000,1.1270500,1.1272500,1.1260000,1.1261600,41729
EURUSD,60,20190620,090000,1.1261700,1.1269300,1.1258000,1.1265500,62356
EURUSD,60,20190620,100000,1.1265600,1.1284200,1.1264000,1.1275400,161098
EURUSD,60,20190620,110000,1.1275600,1.1298300,1.1268000,1.1297800,188696
EURUSD,60,20190620,120000,1.1297600,1.1301400,1.1280000,1.1289400,146093
EURUSD,60,20190620,130000,1.1289400,1.1305300,1.1284000,1.1304800,117379
EURUSD,60,20190620,140000,1.1304800,1.1306300,1.1296000,1.1303000,97224
EURUSD,60,20190620,150000,1.1303000,1.1315600,1.1298000,1.1310300,134879
EURUSD,60,20190620,160000,1.1310300,1.1317400,1.1293000,1.1302200,176705
EURUSD,60,20190620,170000,1.1302400,1.1305300,1.1292000,1.1295900,153708
EURUSD,60,20190620,180000,1.1295900,1.1307700,1.1284000,1.1288600,196850
EURUSD,60,20190620,190000,1.1288400,1.1294000,1.1269000,1.1282900,146885
EURUSD,60,20190620,200000,1.1282900,1.1298000,1.1280000,1.1292400,153500
EURUSD,60,20190620,210000,1.1292200,1.1297000,1.1286000,1.1294000,98746
EURUSD,60,20190620,220000,1.1294900,1.1297600,1.1285000,1.1292900,86231
EURUSD,60,20190620,230000,1.1293000,1.1298000,1.1288000,1.1290000,62801
EURUSD,60,20190621,000000,1.1291600,1.1293000,1.1284000,1.1291700,33575
EURUSD,60,20190621,010000,1.1292000,1.1296100,1.1287400,1.1292700,40532
EURUSD,60,20190621,020000,1.1292200,1.1295000,1.1290000,1.1292200,20428
EURUSD,60,20190621,030000,1.1292300,1.1295500,1.1287000,1.1294200,26856
EURUSD,60,20190621,040000,1.1294200,1.1298700,1.1291000,1.1293900,43190
EURUSD,60,20190621,050000,1.1294500,1.1306700,1.1291000,1.1306500,55947
EURUSD,60,20190621,060000,1.1306400,1.1309000,1.1297000,1.1298300,76780
EURUSD,60,20190621,070000,1.1298300,1.1304000,1.1297000,1.1301800,37746
EURUSD,60,20190621,080000,1.1301800,1.1303700,1.1292000,1.1294700,34521
EURUSD,60,20190621,090000,1.1294700,1.1299500,1.1290000,1.1292500,49545
EURUSD,60,20190621,100000,1.1293000,1.1293100,1.1281000,1.1286700,100542
EURUSD,60,20190621,110000,1.1286700,1.1315600,1.1283000,1.1311500,215215
EURUSD,60,20190621,120000,1.1311000,1.1311800,1.1299000,1.1303100,132509
EURUSD,60,20190621,130000,1.1303000,1.1306100,1.1296000,1.1298800,77488
EURUSD,60,20190621,140000,1.1299500,1.1317500,1.1295000,1.1307100,124435
EURUSD,60,20190621,150000,1.1307200,1.1317000,1.1301000,1.1316500,126778
EURUSD,60,20190621,160000,1.1316800,1.1322300,1.1312000,1.1316700,87270
